epoch,train_loss,train_mae,train_rmse,train_r2,val_mae,val_rmse,val_r2,test_mae,test_rmse,test_r2,is_best_epoch
1,4.374443608329881,2.0988487127991275,2.980880835531213,-0.6605574516526314,1.8199331552434115,2.662753808123657,-0.5353220830776744,1.3594442032152365,1.755561136160107,-1.4346985606236764,True
2,4.851874489810096,1.7366393719113669,2.6340297982183194,-0.2966000782636884,1.4684648082856042,2.3508455017528083,-0.1967009722260824,0.8578073393334361,1.3397175215354806,-0.41788091732564014,True
3,5.028008690225593,1.8310005502090867,2.7401268304911794,-0.4031561574169049,1.5536366091006333,2.443023374094332,-0.29238739040134765,0.9927731817196898,1.4638103452556213,-0.6927113535410672,False
4,5.098525231611497,1.9592801533687103,2.8584232282057704,-0.5269251231302874,1.6820662544373377,2.5497504542060003,-0.4077736216564767,1.1729552948362185,1.6065876455125507,-1.0390230196810197,False
5,5.226903076262388,1.6199099092797071,2.43021666498499,-0.10370920690994279,1.415554009663102,2.193212035502295,-0.04159457332659233,0.7354941150533552,1.1449827668523098,-0.03564564482205235,True
6,5.355857490355874,1.6141747066638752,2.4142359190118827,-0.08924127575133989,1.4200328292394127,2.1830782757154563,-0.031991412607525804,0.7430752969401724,1.1362160974035302,-0.019847319190547053,True
